BuyDate,BuyPrice,SellDate,SellPrice,HoldingDays,ProfitPct,SellReason,Symbol
2020-12-07 00:00:00-05:00,206.00460815429688,2021-02-05 00:00:00-05:00,232.8354949951172,60,13.024410997992852,Max holding period,AAPL
2020-12-08 00:00:00-05:00,207.65814208984375,2021-02-05 00:00:00-05:00,232.8354949951172,59,12.124423657022021,Max holding period,AAPL
2020-12-15 00:00:00-05:00,205.85079956054688,2021-02-12 00:00:00-05:00,235.5176239013672,59,14.411809137566367,Max holding period,AAPL
2020-12-16 00:00:00-05:00,210.8016815185547,2021-02-12 00:00:00-05:00,235.5176239013672,58,11.724736825990178,Max holding period,AAPL
2020-12-17 00:00:00-05:00,210.93624877929688,2021-02-12 00:00:00-05:00,235.5176239013672,57,11.653461775453234,Max holding period,AAPL
2020-12-18 00:00:00-05:00,210.1383514404297,2021-02-16 00:00:00-05:00,234.27749633789062,60,11.487262906554175,Max holding period,AAPL
2020-12-21 00:00:00-05:00,213.98370361328125,2021-02-19 00:00:00-05:00,232.18658447265625,60,8.506666887246638,Max holding period,AAPL
2020-12-22 00:00:00-05:00,215.28152465820312,2021-02-19 00:00:00-05:00,232.18658447265625,59,7.852536273743338,Max holding period,AAPL
2020-12-23 00:00:00-05:00,212.47442626953125,2021-02-19 00:00:00-05:00,232.18658447265625,58,9.277426252757316,Max holding period,AAPL
2020-12-24 00:00:00-05:00,214.1375274658203,2021-02-22 00:00:00-05:00,225.96206665039062,60,5.521936918066683,Max holding period,AAPL
2020-12-28 00:00:00-05:00,216.26206970214844,2021-02-26 00:00:00-05:00,223.90965270996094,60,3.5362571986596203,Max holding period,AAPL
2020-12-29 00:00:00-05:00,215.48336791992188,2021-02-26 00:00:00-05:00,223.90965270996094,59,3.910410752986948,Max holding period,AAPL
2021-01-20 00:00:00-05:00,215.66603088378906,2021-03-19 00:00:00-04:00,221.95370483398438,57,2.915467922522952,Max holding period,AAPL
2021-01-21 00:00:00-05:00,216.27169799804688,2021-03-22 00:00:00-04:00,227.3881072998047,59,5.140020356180952,Max holding period,AAPL
2021-01-22 00:00:00-05:00,217.2137908935547,2021-03-23 00:00:00-04:00,228.92018127441406,59,5.389340305098811,Max holding period,AAPL
2021-01-25 00:00:00-05:00,220.6553955078125,2021-03-26 00:00:00-04:00,227.86024475097656,59,3.2652042006872106,Max holding period,AAPL
2021-01-26 00:00:00-05:00,223.34716796875,2021-03-26 00:00:00-04:00,227.86024475097656,58,2.020655476973854,Max holding period,AAPL
2021-01-27 00:00:00-05:00,223.89508056640625,2021-03-26 00:00:00-04:00,227.86024475097656,57,1.7709920979680716,Max holding period,AAPL
2021-01-28 00:00:00-05:00,229.69192504882812,2021-03-29 00:00:00-04:00,226.66546630859375,59,-1.317616515944564,Max holding period,AAPL
2021-01-29 00:00:00-05:00,222.99143981933594,2021-03-30 00:00:00-04:00,223.39903259277344,59,0.18278404487981348,Max holding period,AAPL
2021-02-01 00:00:00-05:00,230.3840789794922,2021-04-01 00:00:00-04:00,233.5163116455078,58,1.3595699320413823,Max holding period,AAPL
2021-02-02 00:00:00-05:00,230.24948120117188,2021-04-01 00:00:00-04:00,233.5163116455078,57,1.418822065219616,Max holding period,AAPL
2021-02-03 00:00:00-05:00,233.60455322265625,2021-04-01 00:00:00-04:00,233.5163116455078,56,-0.03777391148036546,Max holding period,AAPL
2021-02-04 00:00:00-05:00,232.65284729003906,2021-04-05 00:00:00-04:00,239.99136352539062,59,3.1542774227056425,Max holding period,AAPL
2021-02-05 00:00:00-05:00,232.8354949951172,2021-04-06 00:00:00-04:00,238.82546997070312,59,2.572621058362068,Max holding period,AAPL
2021-02-08 00:00:00-05:00,233.09507751464844,2021-04-09 00:00:00-04:00,246.52426147460938,59,5.761247342993325,Max holding period,AAPL
2021-02-09 00:00:00-05:00,234.34478759765625,2021-04-09 00:00:00-04:00,246.52426147460938,58,5.197245478258261,Max holding period,AAPL
2021-02-11 00:00:00-05:00,235.0369873046875,2021-04-12 00:00:00-04:00,246.58203125,59,4.912011542398731,Max holding period,AAPL
2021-02-12 00:00:00-05:00,235.5176239013672,2021-04-13 00:00:00-04:00,249.06796264648438,59,5.7534287755858005,Max holding period,AAPL
2021-03-01 00:00:00-05:00,228.303466796875,2021-04-30 00:00:00-04:00,242.98800659179688,59,6.432026635840327,Max holding period,AAPL
2021-03-02 00:00:00-05:00,225.34539794921875,2021-04-30 00:00:00-04:00,242.98800659179688,58,7.829140866925477,Max holding period,AAPL
2021-03-12 00:00:00-05:00,227.15682983398438,2021-05-11 00:00:00-04:00,237.25486755371094,59,4.445403524563463,Max holding period,AAPL
2021-03-15 00:00:00-04:00,226.25112915039062,2021-05-14 00:00:00-04:00,239.10488891601562,60,5.681191432676136,Max holding period,AAPL
2021-03-16 00:00:00-04:00,229.04542541503906,2021-05-14 00:00:00-04:00,239.10488891601562,59,4.391907623890945,Max holding period,AAPL
2021-03-17 00:00:00-04:00,228.39984130859375,2021-05-14 00:00:00-04:00,239.10488891601562,58,4.686976814908617,Max holding period,AAPL
2021-03-23 00:00:00-04:00,228.92018127441406,2021-05-21 00:00:00-04:00,236.7790069580078,59,3.4329981917029517,Max holding period,AAPL
2021-04-01 00:00:00-04:00,233.5163116455078,2021-05-28 00:00:00-04:00,241.13462829589844,57,3.2624344726529086,Max holding period,AAPL
2021-04-05 00:00:00-04:00,239.99136352539062,2021-06-04 00:00:00-04:00,242.2066192626953,60,0.923056440349912,Max holding period,AAPL
2021-04-06 00:00:00-04:00,238.82546997070312,2021-06-04 00:00:00-04:00,242.2066192626953,59,1.415740663006737,Max holding period,AAPL
2021-04-07 00:00:00-04:00,240.7910614013672,2021-06-04 00:00:00-04:00,242.2066192626953,58,0.5878780769891456,Max holding period,AAPL
2021-04-08 00:00:00-04:00,244.01901245117188,2021-06-07 00:00:00-04:00,245.12326049804688,60,0.45252541422196035,Max holding period,AAPL
2021-04-09 00:00:00-04:00,246.52426147460938,2021-06-08 00:00:00-04:00,243.9257354736328,60,-1.054065017955319,Max holding period,AAPL
2021-04-12 00:00:00-04:00,246.58203125,2021-06-11 00:00:00-04:00,249.06365966796875,60,1.0064108910891045,Max holding period,AAPL
2021-04-13 00:00:00-04:00,249.06796264648438,2021-06-11 00:00:00-04:00,249.06365966796875,59,-0.0017276322775150454,Max holding period,AAPL
2021-04-14 00:00:00-04:00,246.27369689941406,2021-06-11 00:00:00-04:00,249.06365966796875,58,1.132870787128426,Max holding period,AAPL
2021-04-15 00:00:00-04:00,250.0411834716797,2021-06-14 00:00:00-04:00,250.9951934814453,60,0.3815411511494782,Max holding period,AAPL
2021-04-16 00:00:00-04:00,251.23594665527344,2021-06-15 00:00:00-04:00,249.51754760742188,60,-0.683978176980149,Max holding period,AAPL
2021-04-26 00:00:00-04:00,252.0164337158203,2021-06-25 00:00:00-04:00,255.94960021972656,60,1.5606785819139768,Max holding period,AAPL
2021-04-27 00:00:00-04:00,252.421142578125,2021-06-25 00:00:00-04:00,255.94960021972656,59,1.3978455233834008,Max holding period,AAPL
2021-05-28 00:00:00-04:00,241.13462829589844,2021-07-23 00:00:00-04:00,279.75592041015625,56,16.01648522536767,Target reached,AAPL
2021-06-07 00:00:00-04:00,245.12326049804688,2021-08-06 00:00:00-04:00,279.55316162109375,60,14.045954289728124,Max holding period,AAPL
2021-06-08 00:00:00-04:00,243.9257354736328,2021-08-06 00:00:00-04:00,279.55316162109375,59,14.605849636276735,Max holding period,AAPL
2021-06-09 00:00:00-04:00,244.91079711914062,2021-08-06 00:00:00-04:00,279.55316162109375,58,14.144890674256727,Max holding period,AAPL
2021-06-10 00:00:00-04:00,248.43588256835938,2021-08-09 00:00:00-04:00,278.46185302734375,60,12.086003901116204,Max holding period,AAPL
2021-06-11 00:00:00-04:00,249.06365966796875,2021-08-10 00:00:00-04:00,276.636474609375,60,11.070589333732617,Max holding period,AAPL
2021-06-14 00:00:00-04:00,250.9951934814453,2021-08-13 00:00:00-04:00,282.8271179199219,60,12.682284468060834,Max holding period,AAPL
2021-06-15 00:00:00-04:00,249.51754760742188,2021-08-13 00:00:00-04:00,282.8271179199219,59,13.34959029210545,Max holding period,AAPL
2021-06-16 00:00:00-04:00,248.57107543945312,2021-08-13 00:00:00-04:00,282.8271179199219,58,13.781186093316332,Max holding period,AAPL
2021-06-17 00:00:00-04:00,251.97064208984375,2021-08-16 00:00:00-04:00,284.5172424316406,60,12.916822401155725,Max holding period,AAPL
2021-06-21 00:00:00-04:00,253.6414031982422,2021-08-20 00:00:00-04:00,294.50592041015625,60,16.111138282883175,Target reached,AAPL
2021-06-22 00:00:00-04:00,256.4228515625,2021-08-20 00:00:00-04:00,294.50592041015625,59,14.851667320443141,Max holding period,AAPL
2021-06-23 00:00:00-04:00,256.19110107421875,2021-08-20 00:00:00-04:00,294.50592041015625,58,14.955562146882562,Max holding period,AAPL
2021-06-24 00:00:00-04:00,257.56243896484375,2021-08-23 00:00:00-04:00,294.7864990234375,60,14.452441205402122,Max holding period,AAPL
2021-06-28 00:00:00-04:00,259.52301025390625,2021-08-27 00:00:00-04:00,290.0161437988281,60,11.74968397410645,Max holding period,AAPL
2021-06-29 00:00:00-04:00,262.1112976074219,2021-08-27 00:00:00-04:00,290.0161437988281,59,10.64618215472759,Max holding period,AAPL
2021-06-30 00:00:00-04:00,261.6283264160156,2021-08-27 00:00:00-04:00,290.0161437988281,58,10.850437248783606,Max holding period,AAPL
2021-07-01 00:00:00-04:00,262.304443359375,2021-08-30 00:00:00-04:00,293.76080322265625,60,11.992309188672001,Max holding period,AAPL
2021-07-02 00:00:00-04:00,268.14739990234375,2021-08-31 00:00:00-04:00,292.106201171875,60,8.9349370078758,Max holding period,AAPL
2021-07-07 00:00:00-04:00,270.3492736816406,2021-09-03 00:00:00-04:00,291.39013671875,58,7.78284430010594,Max holding period,AAPL
2021-07-22 00:00:00-04:00,276.3468322753906,2021-09-20 00:00:00-04:00,284.7716064453125,60,3.0486233913209038,Max holding period,AAPL
2021-07-23 00:00:00-04:00,279.75592041015625,2021-09-21 00:00:00-04:00,285.25537109375,60,1.9658031456602831,Max holding period,AAPL
2021-07-26 00:00:00-04:00,279.1571960449219,2021-09-24 00:00:00-04:00,289.6581115722656,60,3.761649592458993,Max holding period,AAPL
2021-07-27 00:00:00-04:00,276.7331237792969,2021-09-24 00:00:00-04:00,289.6581115722656,59,4.670560436153948,Max holding period,AAPL
2021-07-28 00:00:00-04:00,276.4241027832031,2021-09-24 00:00:00-04:00,289.6581115722656,58,4.787574113767423,Max holding period,AAPL
2021-08-05 00:00:00-04:00,279.6111145019531,2021-10-04 00:00:00-04:00,273.9438781738281,60,-2.0268279886582974,Max holding period,AAPL
2021-08-06 00:00:00-04:00,279.55316162109375,2021-10-05 00:00:00-04:00,279.41094970703125,60,-0.05087115210495874,Max holding period,AAPL
2021-08-13 00:00:00-04:00,282.8271179199219,2021-10-12 00:00:00-04:00,283.3976135253906,60,0.2017117770263699,Max holding period,AAPL
2021-08-16 00:00:00-04:00,284.5172424316406,2021-10-15 00:00:00-04:00,294.36077880859375,60,3.4597328066393596,Max holding period,AAPL
2021-08-17 00:00:00-04:00,283.0491943359375,2021-10-15 00:00:00-04:00,294.36077880859375,59,3.9963316268023297,Max holding period,AAPL
2021-08-19 00:00:00-04:00,287.16162109375,2021-10-18 00:00:00-04:00,297.3410949707031,60,3.5448587586952796,Max holding period,AAPL
2021-08-20 00:00:00-04:00,294.50592041015625,2021-10-19 00:00:00-04:00,298.2506408691406,60,1.2715263767088647,Max holding period,AAPL
2021-08-23 00:00:00-04:00,294.7864990234375,2021-10-22 00:00:00-04:00,299.1505126953125,60,1.4803980800789818,Max holding period,AAPL
2021-08-24 00:00:00-04:00,292.8222351074219,2021-10-22 00:00:00-04:00,299.1505126953125,59,2.1611328748887937,Max holding period,AAPL
2021-09-15 00:00:00-04:00,294.9510498046875,2021-11-12 00:00:00-05:00,325.81829833984375,58,10.465210602096885,Max holding period,AAPL
2021-09-16 00:00:00-04:00,295.33807373046875,2021-11-12 00:00:00-05:00,325.81829833984375,57,10.320452159917526,Max holding period,AAPL
2021-09-17 00:00:00-04:00,290.1612548828125,2021-11-15 00:00:00-05:00,325.18927001953125,59,12.071913305884173,Max holding period,AAPL
2021-09-23 00:00:00-04:00,289.8612976074219,2021-11-19 00:00:00-05:00,332.6087341308594,57,14.747548871230531,Max holding period,AAPL
2021-09-24 00:00:00-04:00,289.6581115722656,2021-11-22 00:00:00-05:00,329.4290466308594,59,13.730302542786355,Max holding period,AAPL
2021-10-14 00:00:00-04:00,292.94805908203125,2021-12-10 00:00:00-05:00,332.05615234375,57,13.349838665689106,Max holding period,AAPL
2021-10-15 00:00:00-04:00,294.36077880859375,2021-12-13 00:00:00-05:00,329.0122375488281,59,11.771764866394197,Max holding period,AAPL
2021-10-18 00:00:00-04:00,297.3410949707031,2021-12-16 00:00:00-05:00,314.95611572265625,59,5.924179687872844,Max holding period,AAPL
2021-10-19 00:00:00-04:00,298.2506408691406,2021-12-17 00:00:00-05:00,313.8897399902344,59,5.243609561246676,Max holding period,AAPL
2021-10-20 00:00:00-04:00,297.4571533203125,2021-12-17 00:00:00-05:00,313.8897399902344,58,5.524354175549662,Max holding period,AAPL
2021-10-21 00:00:00-04:00,300.69873046875,2021-12-17 00:00:00-05:00,313.8897399902344,57,4.386785903924939,Max holding period,AAPL
2021-10-22 00:00:00-04:00,299.1505126953125,2021-12-20 00:00:00-05:00,310.11883544921875,59,3.66648970616259,Max holding period,AAPL
2021-10-28 00:00:00-04:00,313.8487548828125,2021-12-23 00:00:00-05:00,324.4464416503906,56,3.376685936362933,Max holding period,AAPL
2021-10-29 00:00:00-04:00,320.8832702636719,2021-12-27 00:00:00-05:00,331.9689636230469,59,3.454743324656917,Max holding period,AAPL
2021-11-01 00:00:00-04:00,318.7062072753906,2021-12-30 00:00:00-05:00,328.9347229003906,59,3.2093870127109403,Max holding period,AAPL
2021-11-02 00:00:00-04:00,322.344482421875,2021-12-31 00:00:00-05:00,326.026611328125,59,1.142296241147056,Max holding period,AAPL
2021-11-03 00:00:00-04:00,323.186279296875,2021-12-31 00:00:00-05:00,326.026611328125,58,0.8788529133815448,Max holding period,AAPL
2021-11-04 00:00:00-04:00,325.5473327636719,2021-12-31 00:00:00-05:00,326.026611328125,57,0.14722239017730399,Max holding period,AAPL
2021-11-05 00:00:00-04:00,325.1795349121094,2022-01-03 00:00:00-05:00,324.50457763671875,59,-0.20756449989174364,Max holding period,AAPL
2021-11-16 00:00:00-05:00,328.51788330078125,2022-01-14 00:00:00-05:00,300.7060241699219,59,-8.465858494953126,Max holding period,AAPL
2021-11-17 00:00:00-05:00,328.74078369140625,2022-01-14 00:00:00-05:00,300.7060241699219,58,-8.527922579816261,Max holding period,AAPL
2021-11-18 00:00:00-05:00,330.8250427246094,2022-01-14 00:00:00-05:00,300.7060241699219,57,-9.104213606876076,Max holding period,AAPL
2021-11-19 00:00:00-05:00,332.6087341308594,2022-01-18 00:00:00-05:00,293.3870544433594,60,-11.792137626809552,Max holding period,AAPL
2021-12-07 00:00:00-05:00,324.6694030761719,2022-02-04 00:00:00-05:00,296.57635498046875,59,-8.65281662809233,Max holding period,AAPL
2021-12-08 00:00:00-05:00,324.7178955078125,2022-02-04 00:00:00-05:00,296.57635498046875,58,-8.666458152340017,Max holding period,AAPL
2021-12-09 00:00:00-05:00,322.90509033203125,2022-02-07 00:00:00-05:00,291.7390441894531,60,-9.651766749954682,Max holding period,AAPL
2021-12-10 00:00:00-05:00,332.05615234375,2022-02-08 00:00:00-05:00,295.23858642578125,60,-11.08775297735023,Max holding period,AAPL
2021-12-13 00:00:00-05:00,329.0122375488281,2022-02-11 00:00:00-05:00,286.0100402832031,60,-13.070090518819422,Max holding period,AAPL
2021-12-14 00:00:00-05:00,318.290771484375,2022-02-11 00:00:00-05:00,286.0100402832031,59,-10.141899826573052,Max holding period,AAPL
2021-12-15 00:00:00-05:00,324.4076843261719,2022-02-11 00:00:00-05:00,286.0100402832031,58,-11.836231352757443,Max holding period,AAPL
2021-12-23 00:00:00-05:00,324.4464416503906,2022-02-18 00:00:00-05:00,279.6947021484375,57,-13.7932594588834,Max holding period,AAPL
2021-12-27 00:00:00-05:00,331.9689636230469,2022-02-25 00:00:00-05:00,288.80645751953125,60,-13.001970314468004,Max holding period,AAPL
2021-12-28 00:00:00-05:00,330.8056640625,2022-02-25 00:00:00-05:00,288.80645751953125,59,-12.696036103853936,Max holding period,AAPL
2021-12-29 00:00:00-05:00,331.4842529296875,2022-02-25 00:00:00-05:00,288.80645751953125,58,-12.87475801126783,Max holding period,AAPL
2021-12-30 00:00:00-05:00,328.9347229003906,2022-02-28 00:00:00-05:00,290.2441101074219,60,-11.76239846368703,Max holding period,AAPL
2021-12-31 00:00:00-05:00,326.026611328125,2022-03-01 00:00:00-05:00,286.513916015625,60,-12.119469374459435,Max holding period,AAPL
2022-03-23 00:00:00-04:00,290.924072265625,2022-05-20 00:00:00-04:00,245.90777587890625,58,-15.473555019406271,Max holding period,AAPL
2022-03-24 00:00:00-04:00,295.40228271484375,2022-05-23 00:00:00-04:00,253.7847137451172,60,-14.088438514167013,Max holding period,AAPL
2022-03-25 00:00:00-04:00,294.9942321777344,2022-05-24 00:00:00-04:00,252.7817840576172,60,-14.309584227627925,Max holding period,AAPL
2022-03-28 00:00:00-04:00,301.8134460449219,2022-05-27 00:00:00-04:00,266.0430603027344,60,-11.851819794954876,Max holding period,AAPL
2022-03-29 00:00:00-04:00,306.38873291015625,2022-05-27 00:00:00-04:00,266.0430603027344,59,-13.168131942780226,Max holding period,AAPL
2022-03-30 00:00:00-04:00,304.8830261230469,2022-05-27 00:00:00-04:00,266.0430603027344,58,-12.73930081126825,Max holding period,AAPL
2022-07-08 00:00:00-04:00,260.61004638671875,2022-09-06 00:00:00-04:00,247.10296630859375,60,-5.182870064065703,Max holding period,AAPL
2022-07-11 00:00:00-04:00,257.54302978515625,2022-09-09 00:00:00-04:00,258.0408630371094,60,0.19330099997985073,Max holding period,AAPL
2022-07-28 00:00:00-04:00,269.1295471191406,2022-09-26 00:00:00-04:00,231.68649291992188,60,-13.912650840467967,Max holding period,AAPL
2022-07-29 00:00:00-04:00,273.34552001953125,2022-09-27 00:00:00-04:00,230.67176818847656,60,-15.611652178534163,Max holding period,AAPL
2022-08-01 00:00:00-04:00,270.68743896484375,2022-09-30 00:00:00-04:00,227.24691772460938,60,-16.048222040283267,Max holding period,AAPL
2022-08-02 00:00:00-04:00,267.5814514160156,2022-09-30 00:00:00-04:00,227.24691772460938,59,-15.07374052945738,Max holding period,AAPL
2022-08-03 00:00:00-04:00,275.02996826171875,2022-09-30 00:00:00-04:00,227.24691772460938,58,-17.373761426478072,Max holding period,AAPL
2022-08-04 00:00:00-04:00,276.1789245605469,2022-10-03 00:00:00-04:00,234.89662170410156,60,-14.947665873539517,Max holding period,AAPL
2022-08-05 00:00:00-04:00,275.4584045410156,2022-10-04 00:00:00-04:00,242.8390655517578,60,-11.841838350733935,Max holding period,AAPL
2022-08-08 00:00:00-04:00,272.93658447265625,2022-10-07 00:00:00-04:00,228.55441284179688,60,-16.260983010617892,Max holding period,AAPL
2022-08-10 00:00:00-04:00,281.543701171875,2022-10-07 00:00:00-04:00,228.55441284179688,58,-18.82098164850421,Max holding period,AAPL
2022-08-12 00:00:00-04:00,284.2212829589844,2022-10-11 00:00:00-04:00,219.9387664794922,60,-22.6170664667532,Max holding period,AAPL
2022-08-15 00:00:00-04:00,285.74029541015625,2022-10-14 00:00:00-04:00,223.01226806640625,60,-21.95281111951998,Max holding period,AAPL
2022-08-16 00:00:00-04:00,285.000244140625,2022-10-14 00:00:00-04:00,223.01226806640625,59,-21.75014841167385,Max holding period,AAPL
2022-11-16 00:00:00-05:00,236.52731323242188,2023-01-13 00:00:00-05:00,234.08108520507812,58,-1.0342264467951612,Max holding period,AAPL
2022-11-17 00:00:00-05:00,236.47837829589844,2023-01-13 00:00:00-05:00,234.08108520507812,57,-1.0137472643780732,Max holding period,AAPL
2022-11-18 00:00:00-05:00,236.02828979492188,2023-01-17 00:00:00-05:00,235.17701721191406,60,-0.3606654879156457,Max holding period,AAPL
2022-11-21 00:00:00-05:00,236.84042358398438,2023-01-20 00:00:00-05:00,235.0498046875,60,-0.756044457862326,Max holding period,AAPL
2022-11-22 00:00:00-05:00,239.75625610351562,2023-01-20 00:00:00-05:00,235.0498046875,59,-1.963015060588702,Max holding period,AAPL
2022-11-23 00:00:00-05:00,242.2513885498047,2023-01-20 00:00:00-05:00,235.0498046875,58,-2.972772996438,Max holding period,AAPL
2022-11-25 00:00:00-05:00,242.16334533691406,2023-01-24 00:00:00-05:00,236.83062744140625,60,-2.2021160502587955,Max holding period,AAPL
2022-12-01 00:00:00-05:00,249.2083740234375,2023-01-30 00:00:00-05:00,237.4862060546875,60,-4.70376166719324,Max holding period,AAPL
2022-12-02 00:00:00-05:00,249.53126525878906,2023-01-31 00:00:00-05:00,242.47640991210938,60,-2.8272430468234466,Max holding period,AAPL
2022-12-05 00:00:00-05:00,244.8149871826172,2023-02-03 00:00:00-05:00,252.7895965576172,60,3.2574024436875737,Max holding period,AAPL
2022-12-12 00:00:00-05:00,247.07530212402344,2023-02-10 00:00:00-05:00,257.4373474121094,60,4.193881460027327,Max holding period,AAPL
2022-12-13 00:00:00-05:00,251.39039611816406,2023-02-10 00:00:00-05:00,257.4373474121094,59,2.4054026674523277,Max holding period,AAPL
2022-12-14 00:00:00-05:00,251.6839141845703,2023-02-10 00:00:00-05:00,257.4373474121094,58,2.2859757430980787,Max holding period,AAPL
2023-01-26 00:00:00-05:00,242.66233825683594,2023-03-27 00:00:00-04:00,271.10888671875,59,11.72268785764603,Max holding period,AAPL
2023-01-27 00:00:00-05:00,242.81890869140625,2023-03-28 00:00:00-04:00,269.98089599609375,59,11.186108796497042,Max holding period,AAPL
2023-01-31 00:00:00-05:00,242.47640991210938,2023-03-31 00:00:00-04:00,282.8015441894531,58,16.630539148926047,Target reached,AAPL
2023-02-01 00:00:00-05:00,247.31011962890625,2023-03-31 00:00:00-04:00,282.8015441894531,57,14.350979496432448,Max holding period,AAPL
2023-02-02 00:00:00-05:00,258.90509033203125,2023-04-03 00:00:00-04:00,281.7519836425781,59,8.824428009988928,Max holding period,AAPL
2023-02-03 00:00:00-05:00,252.7895965576172,2023-04-04 00:00:00-04:00,281.7029724121094,59,11.437723802016553,Max holding period,AAPL
2023-02-07 00:00:00-05:00,261.8013610839844,2023-04-06 00:00:00-04:00,286.0386047363281,57,9.257875341820165,Max holding period,AAPL
2023-03-02 00:00:00-05:00,246.3208465576172,2023-04-06 00:00:00-04:00,286.0386047363281,34,16.124399836138316,Target reached,AAPL
2023-03-03 00:00:00-05:00,250.42111206054688,2023-04-26 00:00:00-04:00,289.7367248535156,53,15.699799617319421,Target reached,AAPL
2023-03-06 00:00:00-05:00,251.97100830078125,2023-04-27 00:00:00-04:00,299.01629638671875,51,18.67091313528375,Target reached,AAPL
2023-03-07 00:00:00-05:00,249.3028564453125,2023-04-26 00:00:00-04:00,289.7367248535156,49,16.21877462004644,Target reached,AAPL
2023-03-08 00:00:00-05:00,248.8614501953125,2023-04-26 00:00:00-04:00,289.7367248535156,48,16.424912185524597,Target reached,AAPL
2023-03-09 00:00:00-05:00,247.5077667236328,2023-04-06 00:00:00-04:00,286.0386047363281,27,15.567526838751222,Target reached,AAPL
2023-03-13 00:00:00-04:00,249.0772247314453,2023-04-26 00:00:00-04:00,289.7367248535156,44,16.324053781275794,Target reached,AAPL
2023-03-14 00:00:00-04:00,255.8162841796875,2023-04-27 00:00:00-04:00,299.01629638671875,44,16.88712364248368,Target reached,AAPL
2023-03-15 00:00:00-04:00,260.3775329589844,2023-04-28 00:00:00-04:00,301.39996337890625,44,15.75498083637803,Target reached,AAPL
2023-03-16 00:00:00-04:00,270.93231201171875,2023-05-15 00:00:00-04:00,303.5579833984375,60,12.04200087633238,Max holding period,AAPL
2023-03-17 00:00:00-04:00,274.1007080078125,2023-05-16 00:00:00-04:00,305.79449462890625,60,11.56282552184813,Max holding period,AAPL
2023-03-20 00:00:00-04:00,267.0380554199219,2023-05-17 00:00:00-04:00,308.6846923828125,58,15.595768512244668,Target reached,AAPL
2023-03-21 00:00:00-04:00,268.5584411621094,2023-05-18 00:00:00-04:00,313.1282043457031,58,16.59592712510951,Target reached,AAPL
2023-03-23 00:00:00-04:00,272.3645324707031,2023-05-22 00:00:00-04:00,315.7431945800781,60,15.926692699623434,Target reached,AAPL
2023-03-24 00:00:00-04:00,275.2190246582031,2023-05-23 00:00:00-04:00,309.92340087890625,60,12.609730109974326,Max holding period,AAPL
2023-03-30 00:00:00-04:00,278.632568359375,2023-05-26 00:00:00-04:00,327.2549743652344,57,17.450367088152863,Target reached,AAPL
2023-03-31 00:00:00-04:00,282.8015441894531,2023-05-26 00:00:00-04:00,327.2549743652344,56,15.718948884522788,Target reached,AAPL
2023-04-03 00:00:00-04:00,281.7519836425781,2023-05-26 00:00:00-04:00,327.2549743652344,53,16.150016100820054,Target reached,AAPL
2023-04-04 00:00:00-04:00,281.7029724121094,2023-05-26 00:00:00-04:00,327.2549743652344,52,16.17022410629234,Target reached,AAPL
2023-04-06 00:00:00-04:00,286.0386047363281,2023-06-02 00:00:00-04:00,329.72247314453125,57,15.272018421594225,Target reached,AAPL
2023-04-10 00:00:00-04:00,283.87078857421875,2023-05-26 00:00:00-04:00,327.2549743652344,46,15.283075095158205,Target reached,AAPL
2023-04-19 00:00:00-04:00,282.9486999511719,2023-05-26 00:00:00-04:00,327.2549743652344,37,15.65876585462609,Target reached,AAPL
2023-04-26 00:00:00-04:00,289.7367248535156,2023-06-15 00:00:00-04:00,342.20751953125,50,18.109818389181576,Target reached,AAPL
2023-04-27 00:00:00-04:00,299.01629638671875,2023-06-26 00:00:00-04:00,323.0376281738281,60,8.03345238282347,Max holding period,AAPL
2023-04-28 00:00:00-04:00,301.39996337890625,2023-06-27 00:00:00-04:00,328.90655517578125,60,9.126275759461521,Max holding period,AAPL
2023-05-01 00:00:00-04:00,299.7323913574219,2023-06-30 00:00:00-04:00,334.7754821777344,60,11.69145939202969,Max holding period,AAPL
2023-05-02 00:00:00-04:00,299.58526611328125,2023-06-30 00:00:00-04:00,334.7754821777344,59,11.746310665073478,Max holding period,AAPL
2023-05-03 00:00:00-04:00,298.594482421875,2023-06-30 00:00:00-04:00,334.7754821777344,58,12.117102587562334,Max holding period,AAPL
2023-05-04 00:00:00-04:00,299.58526611328125,2023-07-03 00:00:00-04:00,332.2686462402344,60,10.909541898030017,Max holding period,AAPL
2023-05-05 00:00:00-04:00,304.7253112792969,2023-07-03 00:00:00-04:00,332.2686462402344,59,9.038742087194906,Max holding period,AAPL
2023-05-08 00:00:00-04:00,302.7633972167969,2023-07-07 00:00:00-04:00,331.51165771484375,60,9.495289312486266,Max holding period,AAPL
2023-05-10 00:00:00-04:00,306.3536682128906,2023-07-07 00:00:00-04:00,331.51165771484375,58,8.212073858528246,Max holding period,AAPL
2023-05-17 00:00:00-04:00,308.6846923828125,2023-07-14 00:00:00-04:00,339.3958740234375,58,9.949045870580076,Max holding period,AAPL
2023-05-18 00:00:00-04:00,313.1282043457031,2023-07-17 00:00:00-04:00,339.877685546875,60,8.542661066596114,Max holding period,AAPL
2023-05-19 00:00:00-04:00,312.95123291015625,2023-07-18 00:00:00-04:00,353.40472412109375,60,12.926452097586427,Max holding period,AAPL
2023-05-22 00:00:00-04:00,315.7431945800781,2023-07-21 00:00:00-04:00,337.9508056640625,60,7.033440930855006,Max holding period,AAPL
2023-05-26 00:00:00-04:00,327.2549743652344,2023-07-25 00:00:00-04:00,345.03875732421875,60,5.434228461608259,Max holding period,AAPL
2023-05-30 00:00:00-04:00,325.6034240722656,2023-07-28 00:00:00-04:00,332.6422119140625,59,2.1617671441424013,Max holding period,AAPL
2023-06-01 00:00:00-04:00,326.9502258300781,2023-07-31 00:00:00-04:00,330.2337341308594,60,1.0042838454828784,Max holding period,AAPL
2023-06-02 00:00:00-04:00,329.72247314453125,2023-08-01 00:00:00-04:00,330.64654541015625,60,0.28025759263909933,Max holding period,AAPL
2023-06-05 00:00:00-04:00,330.2533874511719,2023-08-04 00:00:00-04:00,322.23150634765625,60,-2.429007970342667,Max holding period,AAPL
2023-06-06 00:00:00-04:00,328.0316467285156,2023-08-04 00:00:00-04:00,322.23150634765625,59,-1.7681648824753982,Max holding period,AAPL
2023-06-13 00:00:00-04:00,328.63128662109375,2023-08-11 00:00:00-04:00,315.5760803222656,59,-3.9725999411250656,Max holding period,AAPL
2023-06-14 00:00:00-04:00,331.6296081542969,2023-08-11 00:00:00-04:00,315.5760803222656,58,-4.840800530862744,Max holding period,AAPL
2023-06-15 00:00:00-04:00,342.20751953125,2023-08-14 00:00:00-04:00,318.5547790527344,60,-6.91181202298381,Max holding period,AAPL
2023-06-16 00:00:00-04:00,336.53509521484375,2023-08-15 00:00:00-04:00,316.4116516113281,60,-5.979597340559339,Max holding period,AAPL
2023-06-30 00:00:00-04:00,334.7754821777344,2023-08-29 00:00:00-04:00,323.5343933105469,60,-3.3577993209250367,Max holding period,AAPL
2023-07-03 00:00:00-04:00,332.2686462402344,2023-09-01 00:00:00-04:00,323.7806091308594,60,-2.554570587812266,Max holding period,AAPL
2023-07-05 00:00:00-04:00,332.4259033203125,2023-09-01 00:00:00-04:00,323.7806091308594,58,-2.600668029507569,Max holding period,AAPL
2023-07-06 00:00:00-04:00,335.4931335449219,2023-09-01 00:00:00-04:00,323.7806091308594,57,-3.4911368498974693,Max holding period,AAPL
2023-07-07 00:00:00-04:00,331.51165771484375,2023-09-05 00:00:00-04:00,328.5979919433594,60,-0.8789029597235487,Max holding period,AAPL
2023-07-13 00:00:00-04:00,336.859619140625,2023-09-11 00:00:00-04:00,332.9228820800781,60,-1.1686580512648037,Max holding period,AAPL
2023-07-14 00:00:00-04:00,339.3958740234375,2023-09-12 00:00:00-04:00,326.8445129394531,60,-3.698147810458541,Max holding period,AAPL
2023-07-17 00:00:00-04:00,339.877685546875,2023-09-15 00:00:00-04:00,325.3174743652344,60,-4.2839561997760285,Max holding period,AAPL
2023-07-18 00:00:00-04:00,353.40472412109375,2023-09-15 00:00:00-04:00,325.3174743652344,59,-7.9476158180147305,Max holding period,AAPL
2023-07-19 00:00:00-04:00,349.0693359375,2023-09-15 00:00:00-04:00,325.3174743652344,58,-6.804339174758778,Max holding period,AAPL
2023-09-06 00:00:00-04:00,327.9379577636719,2023-11-03 00:00:00-04:00,347.562255859375,58,5.984149632914826,Max holding period,AAPL
2023-09-07 00:00:00-04:00,325.0120849609375,2023-11-03 00:00:00-04:00,347.562255859375,57,6.938256127044551,Max holding period,AAPL
2023-09-08 00:00:00-04:00,329.30731201171875,2023-11-06 00:00:00-05:00,351.23687744140625,59,6.65930109347439,Max holding period,AAPL
2023-09-11 00:00:00-04:00,332.9228820800781,2023-11-09 00:00:00-05:00,355.3351135253906,59,6.731958856442222,Max holding period,AAPL
2023-09-14 00:00:00-04:00,333.671630859375,2023-11-10 00:00:00-05:00,364.18182373046875,57,9.143777908992256,Max holding period,AAPL
2023-10-11 00:00:00-04:00,327.4848327636719,2023-11-28 00:00:00-05:00,377.7835693359375,48,15.359104159966863,Target reached,AAPL
2023-10-12 00:00:00-04:00,326.2435302734375,2023-11-28 00:00:00-05:00,377.7835693359375,47,15.798026406624,Target reached,AAPL
2023-10-13 00:00:00-04:00,322.86444091796875,2023-11-16 00:00:00-05:00,371.33746337890625,34,15.013428646127425,Target reached,AAPL
2023-10-16 00:00:00-04:00,327.7016296386719,2023-11-28 00:00:00-05:00,377.7835693359375,43,15.282786281071182,Target reached,AAPL
2023-10-17 00:00:00-04:00,327.13018798828125,2023-11-28 00:00:00-05:00,377.7835693359375,42,15.48416600105118,Target reached,AAPL
2023-10-31 00:00:00-04:00,333.0903625488281,2023-12-29 00:00:00-05:00,371.20916748046875,59,11.443983140176496,Max holding period,AAPL
2023-11-01 00:00:00-04:00,340.93218994140625,2023-12-29 00:00:00-05:00,371.20916748046875,58,8.880645017493372,Max holding period,AAPL
2023-11-02 00:00:00-04:00,343.14874267578125,2023-12-29 00:00:00-05:00,371.20916748046875,57,8.177335748305502,Max holding period,AAPL
2023-11-03 00:00:00-04:00,347.562255859375,2023-12-29 00:00:00-05:00,371.20916748046875,56,6.803647755889064,Max holding period,AAPL
2023-11-06 00:00:00-05:00,351.23687744140625,2024-01-05 00:00:00-05:00,363.025634765625,60,3.356355235274333,Max holding period,AAPL
2023-11-07 00:00:00-05:00,355.177490234375,2024-01-05 00:00:00-05:00,363.025634765625,59,2.2096401790753006,Max holding period,AAPL
2023-11-08 00:00:00-05:00,357.807861328125,2024-01-05 00:00:00-05:00,363.025634765625,58,1.4582612629393976,Max holding period,AAPL
2023-11-09 00:00:00-05:00,355.3351135253906,2024-01-08 00:00:00-05:00,369.87646484375,60,4.092292251697294,Max holding period,AAPL
2023-11-10 00:00:00-05:00,364.18182373046875,2024-01-09 00:00:00-05:00,370.9623718261719,60,1.8618579110420974,Max holding period,AAPL
2023-11-13 00:00:00-05:00,361.2361755371094,2024-01-12 00:00:00-05:00,383.4794616699219,60,6.157546679742065,Max holding period,AAPL
2023-11-14 00:00:00-05:00,364.77288818359375,2024-01-12 00:00:00-05:00,383.4794616699219,59,5.128279565808325,Max holding period,AAPL
2023-11-15 00:00:00-05:00,364.9209899902344,2024-01-12 00:00:00-05:00,383.4794616699219,58,5.085613650281973,Max holding period,AAPL
2023-11-16 00:00:00-05:00,371.33746337890625,2024-01-12 00:00:00-05:00,383.4794616699219,57,3.2698015924738977,Max holding period,AAPL
2023-11-28 00:00:00-05:00,377.7835693359375,2024-01-26 00:00:00-05:00,398.7408142089844,59,5.547420950541926,Max holding period,AAPL
2023-12-12 00:00:00-05:00,369.5704650878906,2024-02-09 00:00:00-05:00,415.14727783203125,59,12.33237421537503,Max holding period,AAPL
2023-12-13 00:00:00-05:00,369.5605773925781,2024-02-09 00:00:00-05:00,415.14727783203125,58,12.33537969907086,Max holding period,AAPL
2023-12-18 00:00:00-05:00,367.8627014160156,2024-02-16 00:00:00-05:00,399.6067810058594,60,8.629328134559744,Max holding period,AAPL
2023-12-19 00:00:00-05:00,368.46484375,2024-02-16 00:00:00-05:00,399.6067810058594,59,8.451806945519301,Max holding period,AAPL
2023-12-20 00:00:00-05:00,365.8587341308594,2024-02-16 00:00:00-05:00,399.6067810058594,58,9.224338173905423,Max holding period,AAPL
2023-12-21 00:00:00-05:00,368.7412414550781,2024-02-16 00:00:00-05:00,399.6067810058594,57,8.37051462672951,Max holding period,AAPL
2023-12-22 00:00:00-05:00,369.76788330078125,2024-02-20 00:00:00-05:00,398.3507995605469,60,7.729961835683641,Max holding period,AAPL
2023-12-26 00:00:00-05:00,369.8468322753906,2024-02-23 00:00:00-05:00,405.81756591796875,59,9.72584608100524,Max holding period,AAPL
2023-12-27 00:00:00-05:00,369.26446533203125,2024-02-23 00:00:00-05:00,405.81756591796875,58,9.898894699513017,Max holding period,AAPL
2023-12-28 00:00:00-05:00,370.4588928222656,2024-02-26 00:00:00-05:00,403.0484313964844,60,8.79707282120885,Max holding period,AAPL
2023-12-29 00:00:00-05:00,371.20916748046875,2024-02-27 00:00:00-05:00,402.9891357421875,60,8.561202428652525,Max holding period,AAPL
2024-01-09 00:00:00-05:00,370.9623718261719,2024-03-08 00:00:00-05:00,401.7429504394531,59,8.297493479393815,Max holding period,AAPL
2024-01-10 00:00:00-05:00,377.8526611328125,2024-03-08 00:00:00-05:00,401.7429504394531,58,6.322646831444012,Max holding period,AAPL
2024-01-11 00:00:00-05:00,379.6888122558594,2024-03-11 00:00:00-04:00,400.0617370605469,59,5.365690045920779,Max holding period,AAPL
2024-01-12 00:00:00-05:00,383.4794616699219,2024-03-12 00:00:00-04:00,410.703125,59,7.099119001452747,Max holding period,AAPL
2024-01-16 00:00:00-05:00,385.2563171386719,2024-03-15 00:00:00-04:00,411.8305969238281,58,6.897818050726712,Max holding period,AAPL
2024-01-17 00:00:00-05:00,384.46661376953125,2024-03-15 00:00:00-04:00,411.8305969238281,57,7.117388655936785,Max holding period,AAPL
2024-01-18 00:00:00-05:00,388.8100891113281,2024-03-18 00:00:00-04:00,412.72064208984375,59,6.149674004901984,Max holding period,AAPL
2024-01-19 00:00:00-05:00,393.5484313964844,2024-03-19 00:00:00-04:00,416.7655334472656,59,5.899426906212457,Max holding period,AAPL
2024-01-22 00:00:00-05:00,391.41619873046875,2024-03-22 00:00:00-04:00,424.0147705078125,59,8.328365530878635,Max holding period,AAPL
2024-01-23 00:00:00-05:00,393.77545166015625,2024-03-22 00:00:00-04:00,424.0147705078125,58,7.679330623625047,Max holding period,AAPL
2024-01-24 00:00:00-05:00,397.388427734375,2024-03-22 00:00:00-04:00,424.0147705078125,57,6.70033169441846,Max holding period,AAPL
2024-01-25 00:00:00-05:00,399.6687927246094,2024-03-25 00:00:00-04:00,418.1996154785156,59,4.636544831929079,Max holding period,AAPL
2024-01-29 00:00:00-05:00,404.4564208984375,2024-03-28 00:00:00-04:00,416.08319091796875,58,2.8746657040835677,Max holding period,AAPL
2024-02-07 00:00:00-05:00,408.7308044433594,2024-04-05 00:00:00-04:00,420.83026123046875,57,2.9602507703297087,Max holding period,AAPL
2024-02-08 00:00:00-05:00,408.7900695800781,2024-04-08 00:00:00-04:00,419.9104919433594,59,2.7203259547631697,Max holding period,AAPL
2024-02-09 00:00:00-05:00,415.14727783203125,2024-04-09 00:00:00-04:00,421.5818786621094,59,1.5499561658408822,Max holding period,AAPL
2024-02-12 00:00:00-05:00,409.9253234863281,2024-04-12 00:00:00-04:00,417.2501525878906,59,1.786869139790248,Max holding period,AAPL
2024-02-22 00:00:00-05:00,407.1131286621094,2024-04-22 00:00:00-04:00,396.5409851074219,59,-2.5968564534950223,Max holding period,AAPL
2024-02-23 00:00:00-05:00,405.81756591796875,2024-04-23 00:00:00-04:00,403.0780944824219,59,-0.6750499893591666,Max holding period,AAPL
2024-02-26 00:00:00-05:00,403.0484313964844,2024-04-26 00:00:00-04:00,401.8418884277344,59,-0.29935433927122945,Max holding period,AAPL
2024-02-27 00:00:00-05:00,402.9891357421875,2024-04-26 00:00:00-04:00,401.8418884277344,58,-0.2846844276186866,Max holding period,AAPL
2024-02-28 00:00:00-05:00,403.2264404296875,2024-04-26 00:00:00-04:00,401.8418884277344,57,-0.34336835661811227,Max holding period,AAPL
2024-02-29 00:00:00-05:00,409.0812072753906,2024-04-29 00:00:00-04:00,397.81671142578125,59,-2.7536087332474812,Max holding period,AAPL
2024-03-01 00:00:00-05:00,410.92071533203125,2024-04-30 00:00:00-04:00,385.0390930175781,59,-6.29844671947003,Max holding period,AAPL
2024-03-04 00:00:00-05:00,410.3471374511719,2024-05-03 00:00:00-04:00,402.1781311035156,59,-1.9907550466654045,Max holding period,AAPL
2024-03-12 00:00:00-04:00,410.703125,2024-05-10 00:00:00-04:00,410.1690673828125,59,-0.13003495339547477,Max holding period,AAPL
2024-03-13 00:00:00-04:00,410.5251159667969,2024-05-10 00:00:00-04:00,410.1690673828125,58,-0.08673003675935265,Max holding period,AAPL
2024-03-14 00:00:00-04:00,420.5335998535156,2024-05-13 00:00:00-04:00,409.16033935546875,60,-2.704483185649975,Max holding period,AAPL
2024-03-15 00:00:00-04:00,411.8305969238281,2024-05-14 00:00:00-04:00,411.9690246582031,60,0.03361278530760181,Max holding period,AAPL
2024-03-18 00:00:00-04:00,412.72064208984375,2024-05-17 00:00:00-04:00,416.3283386230469,60,0.8741255380237956,Max holding period,AAPL
2024-03-19 00:00:00-04:00,416.7655334472656,2024-05-17 00:00:00-04:00,416.3283386230469,59,-0.1049018666688939,Max holding period,AAPL
2024-03-20 00:00:00-04:00,420.54345703125,2024-05-17 00:00:00-04:00,416.3283386230469,58,-1.00230269612539,Max holding period,AAPL
2024-03-21 00:00:00-04:00,424.6378173828125,2024-05-20 00:00:00-04:00,421.4109802246094,60,-0.759903387336347,Max holding period,AAPL
2024-03-22 00:00:00-04:00,424.0147705078125,2024-05-21 00:00:00-04:00,425.0768127441406,60,0.2504729340103484,Max holding period,AAPL
2024-04-08 00:00:00-04:00,419.9104919433594,2024-06-07 00:00:00-04:00,419.93475341796875,60,0.005777772900383837,Max holding period,AAPL
2024-04-09 00:00:00-04:00,421.5818786621094,2024-06-07 00:00:00-04:00,419.93475341796875,59,-0.3907011490550283,Max holding period,AAPL
2024-04-10 00:00:00-04:00,418.5951843261719,2024-06-07 00:00:00-04:00,419.93475341796875,58,0.32001540914838866,Max holding period,AAPL
2024-04-11 00:00:00-04:00,423.21368408203125,2024-06-10 00:00:00-04:00,423.9176330566406,60,0.16633417138585127,Max holding period,AAPL
2024-04-12 00:00:00-04:00,417.2501525878906,2024-06-11 00:00:00-04:00,428.68316650390625,60,2.740086215692239,Max holding period,AAPL
2024-05-14 00:00:00-04:00,411.9690246582031,2024-07-12 00:00:00-04:00,449.3603820800781,59,9.076254568628638,Max holding period,AAPL
2024-05-15 00:00:00-04:00,419.1718444824219,2024-07-12 00:00:00-04:00,449.3603820800781,58,7.2019478395386916,Max holding period,AAPL
2024-05-16 00:00:00-04:00,417.1011657714844,2024-07-15 00:00:00-04:00,449.7666015625,60,7.83153787896913,Max holding period,AAPL
2024-05-20 00:00:00-04:00,421.4109802246094,2024-07-19 00:00:00-04:00,433.0722351074219,60,2.767192937544505,Max holding period,AAPL
2024-05-21 00:00:00-04:00,425.0768127441406,2024-07-19 00:00:00-04:00,433.0722351074219,59,1.8809358976006552,Max holding period,AAPL
2024-05-22 00:00:00-04:00,426.5431213378906,2024-07-19 00:00:00-04:00,433.0722351074219,58,1.5307042694891138,Max holding period,AAPL
2024-06-06 00:00:00-04:00,420.5985107421875,2024-08-05 00:00:00-04:00,391.4998779296875,60,-6.91838702927231,Max holding period,AAPL
2024-06-07 00:00:00-04:00,419.93475341796875,2024-08-06 00:00:00-04:00,395.9186706542969,60,-5.719003385215949,Max holding period,AAPL
2024-06-10 00:00:00-04:00,423.9176330566406,2024-08-09 00:00:00-04:00,402.26947021484375,60,-5.106690817672222,Max holding period,AAPL
2024-06-11 00:00:00-04:00,428.68316650390625,2024-08-09 00:00:00-04:00,402.26947021484375,59,-6.161589339856155,Max holding period,AAPL
2024-06-12 00:00:00-04:00,436.98577880859375,2024-08-09 00:00:00-04:00,402.26947021484375,58,-7.944493911998962,Max holding period,AAPL
2024-06-13 00:00:00-04:00,437.5009765625,2024-08-12 00:00:00-04:00,403.05218505859375,60,-7.8739919107323475,Max holding period,AAPL
2024-06-14 00:00:00-04:00,438.4818420410156,2024-08-13 00:00:00-04:00,410.1856689453125,60,-6.453214336993296,Max holding period,AAPL
2024-06-17 00:00:00-04:00,444.2282409667969,2024-08-16 00:00:00-04:00,415.35174560546875,60,-6.500373613906829,Max holding period,AAPL
2024-06-18 00:00:00-04:00,442.2170104980469,2024-08-16 00:00:00-04:00,415.35174560546875,59,-6.075131497614961,Max holding period,AAPL
2024-06-21 00:00:00-04:00,445.6252136230469,2024-08-20 00:00:00-04:00,421.63458251953125,60,-5.383589251708997,Max holding period,AAPL
2024-06-25 00:00:00-04:00,446.784423828125,2024-08-23 00:00:00-04:00,413.68426513671875,59,-7.408530138046999,Max holding period,AAPL
2024-06-26 00:00:00-04:00,447.98321533203125,2024-08-23 00:00:00-04:00,413.68426513671875,58,-7.656302517917146,Max holding period,AAPL
2024-07-02 00:00:00-04:00,455.0374450683594,2024-08-30 00:00:00-04:00,414.0316467285156,59,-9.0115217515085,Max holding period,AAPL
2024-07-03 00:00:00-04:00,456.5137023925781,2024-08-30 00:00:00-04:00,414.0316467285156,58,-9.305756966639777,Max holding period,AAPL
2024-07-05 00:00:00-04:00,463.240966796875,2024-09-03 00:00:00-04:00,406.3890380859375,60,-12.272647020846561,Max holding period,AAPL
2024-07-08 00:00:00-04:00,461.9331970214844,2024-09-06 00:00:00-04:00,398.70672607421875,60,-13.687362448714635,Max holding period,AAPL
2024-09-13 00:00:00-04:00,427.3814392089844,2024-11-11 00:00:00-05:00,414.8951721191406,59,-2.9215744869393157,Max holding period,AAPL
2024-09-16 00:00:00-04:00,428.1258544921875,2024-11-14 00:00:00-05:00,423.7090148925781,59,-1.0316685043112672,Max holding period,AAPL
2024-09-17 00:00:00-04:00,431.9074401855469,2024-11-15 00:00:00-05:00,411.9075927734375,59,-4.630586452393015,Max holding period,AAPL
2024-09-18 00:00:00-04:00,427.59979248046875,2024-11-15 00:00:00-05:00,411.9075927734375,58,-3.6698333308354036,Max holding period,AAPL
2024-09-19 00:00:00-04:00,435.42108154296875,2024-11-15 00:00:00-05:00,411.9075927734375,57,-5.400172331162345,Max holding period,AAPL
2024-09-20 00:00:00-04:00,432.02655029296875,2024-11-18 00:00:00-05:00,412.6619567871094,59,-4.482269317181487,Max holding period,AAPL
2024-09-23 00:00:00-04:00,430.2796936035156,2024-11-21 00:00:00-05:00,410.61370849609375,59,-4.570512018060335,Max holding period,AAPL
2024-10-24 00:00:00-04:00,421.5650939941406,2024-12-20 00:00:00-05:00,434.21405029296875,57,3.0004752478401286,Max holding period,AAPL
2024-10-25 00:00:00-04:00,424.9595947265625,2024-12-23 00:00:00-05:00,432.8714294433594,59,1.8617851708672806,Max holding period,AAPL
2024-10-28 00:00:00-04:00,423.4112243652344,2024-12-26 00:00:00-05:00,435.7157897949219,59,2.906055560556786,Max holding period,AAPL
2024-10-29 00:00:00-04:00,428.7312927246094,2024-12-27 00:00:00-05:00,428.1772155761719,59,-0.12923646065494676,Max holding period,AAPL
2024-10-30 00:00:00-04:00,429.3069763183594,2024-12-27 00:00:00-05:00,428.1772155761719,58,-0.26315918550312567,Max holding period,AAPL
2024-11-13 00:00:00-05:00,422.0315856933594,2025-01-10 00:00:00-05:00,416.6604919433594,58,-1.2726757740598504,Max holding period,AAPL
2024-11-14 00:00:00-05:00,423.7090148925781,2025-01-13 00:00:00-05:00,414.9101257324219,60,-2.076634872257088,Max holding period,AAPL
2024-11-15 00:00:00-05:00,411.9075927734375,2025-01-14 00:00:00-05:00,413.3984375,60,0.3619366947145597,Max holding period,AAPL
2024-11-26 00:00:00-05:00,425.6510925292969,2025-01-24 00:00:00-05:00,441.6332702636719,59,3.754760181491834,Max holding period,AAPL
2024-11-27 00:00:00-05:00,420.6784362792969,2025-01-24 00:00:00-05:00,441.6332702636719,58,4.981199932592384,Max holding period,AAPL
2024-11-29 00:00:00-05:00,421.1458435058594,2025-01-28 00:00:00-05:00,444.7561340332031,60,5.606202908426727,Max holding period,AAPL
2024-12-02 00:00:00-05:00,428.6247863769531,2025-01-31 00:00:00-05:00,412.7917785644531,60,-3.693908592251993,Max holding period,AAPL
2024-12-03 00:00:00-05:00,428.84356689453125,2025-01-31 00:00:00-05:00,412.7917785644531,59,-3.7430404859088995,Max holding period,AAPL
2024-12-04 00:00:00-05:00,435.0295715332031,2025-01-31 00:00:00-05:00,412.7917785644531,58,-5.111788812511275,Max holding period,AAPL
2024-12-05 00:00:00-05:00,440.20111083984375,2025-02-03 00:00:00-05:00,408.6744079589844,60,-7.16188626164771,Max holding period,AAPL
2024-12-06 00:00:00-05:00,441.14593505859375,2025-02-04 00:00:00-05:00,410.116455078125,60,-7.0338356345383435,Max holding period,AAPL
2024-12-09 00:00:00-05:00,443.58251953125,2025-02-07 00:00:00-05:00,407.5107727050781,60,-8.131913508289335,Max holding period,AAPL
2024-12-10 00:00:00-05:00,440.9072570800781,2025-02-07 00:00:00-05:00,407.5107727050781,59,-7.574491877536616,Max holding period,AAPL
2024-12-11 00:00:00-05:00,446.5363464355469,2025-02-07 00:00:00-05:00,407.5107727050781,58,-8.73961863171685,Max holding period,AAPL
2024-12-12 00:00:00-05:00,447.10321044921875,2025-02-10 00:00:00-05:00,409.96728515625,60,-8.305895467772896,Max holding period,AAPL
2024-12-17 00:00:00-05:00,451.9764404296875,2025-02-14 00:00:00-05:00,406.1979675292969,59,-10.128508657856084,Max holding period,AAPL
2025-01-23 00:00:00-05:00,444.2687683105469,2025-03-24 00:00:00-04:00,391.7157287597656,59,-11.829109606472787,Max holding period,AAPL
2025-01-24 00:00:00-05:00,441.6332702636719,2025-03-25 00:00:00-04:00,393.7885437011719,59,-10.833587454571724,Max holding period,AAPL
2025-01-27 00:00:00-05:00,432.1851806640625,2025-03-28 00:00:00-04:00,377.48529052734375,59,-12.656586246819268,Max holding period,AAPL
2025-01-28 00:00:00-05:00,444.7561340332031,2025-03-28 00:00:00-04:00,377.48529052734375,58,-15.125332369409728,Max holding period,AAPL
2025-01-29 00:00:00-05:00,439.9127197265625,2025-03-28 00:00:00-04:00,377.48529052734375,57,-14.190867051541932,Max holding period,AAPL
2025-04-29 00:00:00-04:00,392.67242431640625,2025-05-15 00:00:00-04:00,452.3863220214844,16,15.207051477839983,Target reached,AAPL
2025-04-30 00:00:00-04:00,393.88818359375,2025-05-16 00:00:00-04:00,453.5244445800781,16,15.140403665380319,Target reached,AAPL
2025-05-01 00:00:00-04:00,423.9235534667969,2025-06-24 00:00:00-04:00,489.30560302734375,54,15.42307546392745,Target reached,AAPL
2025-05-02 00:00:00-04:00,433.769287109375,2025-07-01 00:00:00-04:00,491.242431640625,60,13.249703526556544,Max holding period,AAPL
2025-05-05 00:00:00-04:00,434.65618896484375,2025-07-03 00:00:00-04:00,498.02130126953125,59,14.578214670218959,Max holding period,AAPL
2025-05-06 00:00:00-04:00,431.8061218261719,2025-06-26 00:00:00-04:00,496.6335754394531,51,15.013092760036928,Target reached,AAPL
2025-05-07 00:00:00-04:00,431.8459777832031,2025-06-26 00:00:00-04:00,496.6335754394531,50,15.002477964209483,Target reached,AAPL
2025-05-08 00:00:00-04:00,436.6492614746094,2025-07-07 00:00:00-04:00,496.90313720703125,60,13.799147519209898,Max holding period,AAPL
2025-05-09 00:00:00-04:00,437.20733642578125,2025-07-08 00:00:00-04:00,495.804931640625,60,13.402701723599986,Max holding period,AAPL
2025-05-12 00:00:00-04:00,447.70074462890625,2025-07-11 00:00:00-04:00,502.49395751953125,60,12.238803162152978,Max holding period,AAPL
2025-05-13 00:00:00-04:00,447.5812072753906,2025-07-11 00:00:00-04:00,502.49395751953125,59,12.268779240848149,Max holding period,AAPL
2025-05-14 00:00:00-04:00,451.36798095703125,2025-07-11 00:00:00-04:00,502.49395751953125,58,11.326894844002467,Max holding period,AAPL
2025-05-19 00:00:00-04:00,458.11688232421875,2025-07-18 00:00:00-04:00,509.212890625,60,11.153487302530696,Max holding period,AAPL
2025-05-20 00:00:00-04:00,457.4180603027344,2025-07-18 00:00:00-04:00,509.212890625,59,11.32330242666546,Max holding period,AAPL
2025-05-30 00:00:00-04:00,459.60443115234375,2025-07-29 00:00:00-04:00,511.728759765625,60,11.341128387860078,Max holding period,AAPL
2025-06-02 00:00:00-04:00,461.2118225097656,2025-07-31 00:00:00-04:00,532.6243896484375,59,15.483680958147982,Target reached,AAPL
2025-06-03 00:00:00-04:00,462.2101745605469,2025-07-31 00:00:00-04:00,532.6243896484375,58,15.234241685579075,Target reached,AAPL
2025-06-04 00:00:00-04:00,463.1086730957031,2025-07-31 00:00:00-04:00,532.6243896484375,57,15.010670408750615,Target reached,AAPL
2025-06-05 00:00:00-04:00,466.91241455078125,2025-08-04 00:00:00-04:00,534.7609252929688,60,14.531314359560321,Max holding period,AAPL
2025-06-06 00:00:00-04:00,469.6080017089844,2025-08-05 00:00:00-04:00,526.8838500976562,60,12.196523095908752,Max holding period,AAPL
2025-06-09 00:00:00-04:00,471.97412109375,2025-08-08 00:00:00-04:00,521.1832275390625,60,10.426229796514175,Max holding period,AAPL
2025-06-10 00:00:00-04:00,470.1471252441406,2025-08-08 00:00:00-04:00,521.1832275390625,59,10.855347093406031,Max holding period,AAPL
2025-06-11 00:00:00-04:00,471.8443298339844,2025-08-08 00:00:00-04:00,521.1832275390625,58,10.456604982926843,Max holding period,AAPL
2025-06-12 00:00:00-04:00,478.0840759277344,2025-08-11 00:00:00-04:00,520.9136962890625,60,8.95859588676242,Max holding period,AAPL
2025-06-18 00:00:00-04:00,479.4518127441406,2025-08-15 00:00:00-04:00,519.3162841796875,58,8.314593954162518,Max holding period,AAPL
2025-06-24 00:00:00-04:00,489.30560302734375,2025-08-22 00:00:00-04:00,507.2300109863281,59,3.6632337435103413,Max holding period,AAPL
2025-06-25 00:00:00-04:00,491.4620666503906,2025-08-22 00:00:00-04:00,507.2300109863281,58,3.208374644945744,Max holding period,AAPL
2025-06-26 00:00:00-04:00,496.6335754394531,2025-08-25 00:00:00-04:00,504.260009765625,60,1.5356260034218527,Max holding period,AAPL
2025-06-27 00:00:00-04:00,495.1260681152344,2025-08-26 00:00:00-04:00,502.0400085449219,60,1.396400002933862,Max holding period,AAPL
2025-06-30 00:00:00-04:00,496.5936584472656,2025-08-29 00:00:00-04:00,506.69000244140625,60,2.0331197997391914,Max holding period,AAPL
2025-07-14 00:00:00-04:00,502.1944274902344,2025-09-12 00:00:00-04:00,509.8999938964844,60,1.5343791138343166,Max holding period,AAPL
2025-07-15 00:00:00-04:00,504.9898376464844,2025-09-12 00:00:00-04:00,509.8999938964844,59,0.9723277349270809,Max holding period,AAPL
2025-07-16 00:00:00-04:00,504.7901611328125,2025-09-12 00:00:00-04:00,509.8999938964844,58,1.012268692441376,Max holding period,AAPL
2025-07-17 00:00:00-04:00,510.8601989746094,2025-09-15 00:00:00-04:00,515.3599853515625,60,0.8808253972388158,Max holding period,AAPL
2025-07-18 00:00:00-04:00,509.212890625,2025-09-16 00:00:00-04:00,509.0400085449219,60,-0.033950845169283816,Max holding period,AAPL
2025-07-30 00:00:00-04:00,512.3976440429688,2025-09-26 00:00:00-04:00,511.4599914550781,58,-0.18299314971322866,Max holding period,AAPL
2025-09-19 00:00:00-04:00,517.9299926757812,2025-10-28 00:00:00-04:00,542.0700073242188,39,4.660864400557885,Max holding period,AAPL
2025-09-22 00:00:00-04:00,514.4500122070312,2025-10-28 00:00:00-04:00,542.0700073242188,36,5.368839432755679,Max holding period,AAPL
2025-09-30 00:00:00-04:00,517.9500122070312,2025-10-28 00:00:00-04:00,542.0700073242188,28,4.656819103915066,Max holding period,AAPL
2025-10-01 00:00:00-04:00,519.7100219726562,2025-10-28 00:00:00-04:00,542.0700073242188,27,4.302396414579612,Max holding period,AAPL
2025-10-02 00:00:00-04:00,515.739990234375,2025-10-28 00:00:00-04:00,542.0700073242188,26,5.1052890193522105,Max holding period,AAPL
2025-10-03 00:00:00-04:00,517.3499755859375,2025-10-28 00:00:00-04:00,542.0700073242188,25,4.7782029389841885,Max holding period,AAPL
2025-10-06 00:00:00-04:00,528.5700073242188,2025-10-28 00:00:00-04:00,542.0700073242188,22,2.554060921530743,Max holding period,AAPL
2025-10-07 00:00:00-04:00,523.97998046875,2025-10-28 00:00:00-04:00,542.0700073242188,21,3.4524271021357578,Max holding period,AAPL
2025-10-08 00:00:00-04:00,524.8499755859375,2025-10-28 00:00:00-04:00,542.0700073242188,20,3.2809436104206613,Max holding period,AAPL
2025-10-20 00:00:00-04:00,516.7899780273438,2025-10-28 00:00:00-04:00,542.0700073242188,8,4.891741398192795,Max holding period,AAPL
2025-10-21 00:00:00-04:00,517.6599731445312,2025-10-28 00:00:00-04:00,542.0700073242188,7,4.715457142921142,Max holding period,AAPL
2025-10-22 00:00:00-04:00,520.5399780273438,2025-10-28 00:00:00-04:00,542.0700073242188,6,4.136095248335381,Max holding period,AAPL
2025-10-23 00:00:00-04:00,520.5599975585938,2025-10-28 00:00:00-04:00,542.0700073242188,5,4.132090415419176,Max holding period,AAPL
2025-10-24 00:00:00-04:00,523.6099853515625,2025-10-28 00:00:00-04:00,542.0700073242188,4,3.525529017606832,Max holding period,AAPL
2025-10-27 00:00:00-04:00,531.52001953125,2025-10-28 00:00:00-04:00,542.0700073242188,1,1.9848712005754443,Max holding period,AAPL
2025-10-28 00:00:00-04:00,542.0700073242188,2025-10-28 00:00:00-04:00,542.0700073242188,0,0.0,Max holding period,AAPL
